<application>
  <component name="ProjectJdkTable">
    <jdk version="2">
      <name value="Python 3.7" />
      <type value="Python SDK" />
      <version value="Python 3.7.8" />
      <homePath value="C:\fke_file\Python37\python3.exe" />
      <roots>
        <classPath>
          <root type="composite">
            <root url="file://C:/fke_file/Python37/DLLs" type="simple" />
            <root url="file://C:/fke_file/Python37/Lib" type="simple" />
            <root url="file://C:/fke_file/Python37" type="simple" />
            <root url="file://C:/fke_file/Python37/Lib/site-packages" type="simple" />
            <root url="file://C:/fke_file/Python37/Lib/site-packages/ruia-0.6.8-py3.7.egg" type="simple" />
            <root url="file://C:/fke_file/Python37/Lib/site-packages/cssselect-1.1.0-py3.7.egg" type="simple" />
            <root url="file://$USER_HOME$/AppData/Local/JetBrains/PyCharm2020.2/python_stubs/-823293176" type="simple" />
            <root url="file://$APPLICATION_HOME_DIR$/plugins/python/helpers/python-skeletons" type="simple" />
            <root url="file://$APPLICATION_HOME_DIR$/plugins/python/helpers/typeshed/stdlib/3.7" type="simple" />
            <root url="file://$APPLICATION_HOME_DIR$/plugins/python/helpers/typeshed/stdlib/3" type="simple" />
            <root url="file://$APPLICATION_HOME_DIR$/plugins/python/helpers/typeshed/stdlib/2and3" type="simple" />
            <root url="file://$APPLICATION_HOME_DIR$/plugins/python/helpers/typeshed/third_party/3" type="simple" />
            <root url="file://$APPLICATION_HOME_DIR$/plugins/python/helpers/typeshed/third_party/2and3" type="simple" />
          </root>
        </classPath>
        <sourcePath>
          <root type="composite" />
        </sourcePath>
      </roots>
      <additional />
    </jdk>
  </component>
</application>