<application>
  <component name="ProjectJdkTable">
    <jdk version="2">
      <name value="Python 3.7" />
      <type value="Python SDK" />
      <version value="Python 3.7.8" />
      <homePath value="C:\fke_file\Python37\python3.exe" />
      <roots>
        <classPath>
          <root type="composite">
            <root url="file://C:/fke_file/Python37/DLLs" type="simple" />
            <root url="file://C:/fke_file/Python37/Lib" type="simple" />
            <root url="file://C:/fke_file/Python37" type="simple" />
            <root url="file://C:/fke_file/Python37/Lib/site-packages" type="simple" />
            <root url="file://C:/fke_file/Python37/Lib/site-packages/ruia-0.6.8-py3.7.egg" type="simple" />
            <root url="file://C:/fke_file/Python37/Lib/site-packages/cssselect-1.1.0-py3.7.egg" type="simple" />
            <root url="file://$USER_HOME$/AppData/Local/JetBrains/PyCharm2020.2/python_stubs/-823293176" type="simple" />
            <root url="file://$APPLICATION_HOME_DIR$/plugins/python/helpers/python-skeletons" type="simple" />
            <root url="file://$APPLICATION_HOME_DIR$/plugins/python/helpers/typeshed/stdlib/3.7" type="simple" />
            <root url="file://$APPLICATION_HOME_DIR$/plugins/python/helpers/typeshed/stdlib/3" type="simple" />
            <root url="file://$APPLICATION_HOME_DIR$/plugins/python/helpers/typeshed/stdlib/2and3" type="simple" />
            <root url="file://$APPLICATION_HOME_DIR$/plugins/python/helpers/typeshed/third_party/3" type="simple" />
            <root url="file://$APPLICATION_HOME_DIR$/plugins/python/helpers/typeshed/third_party/2and3" type="simple" />
          </root>
        </classPath>
        <sourcePath>
          <root type="composite" />
        </sourcePath>
      </roots>
      <additional />
    </jdk>
    <jdk version="2">
      <name value="Python 3.7 (python_env-_GahEP4j)" />
      <type value="Python SDK" />
      <version value="Python 3.7.8" />
      <homePath value="C:\Users\fke\.virtualenvs\python_env-_GahEP4j\Scripts\python.exe" />
      <roots>
        <classPath>
          <root type="composite">
            <root url="file://C:/fke_file/Python37/DLLs" type="simple" />
            <root url="file://C:/fke_file/Python37/Lib" type="simple" />
            <root url="file://C:/fke_file/Python37" type="simple" />
            <root url="file://$USER_HOME$/.virtualenvs/python_env-_GahEP4j" type="simple" />
            <root url="file://$USER_HOME$/.virtualenvs/python_env-_GahEP4j/Lib/site-packages" type="simple" />
            <root url="file://$USER_HOME$/AppData/Local/JetBrains/PyCharm2020.2/python_stubs/2095068481" type="simple" />
            <root url="file://$APPLICATION_HOME_DIR$/plugins/python/helpers/python-skeletons" type="simple" />
            <root url="file://$APPLICATION_HOME_DIR$/plugins/python/helpers/typeshed/stdlib/3.7" type="simple" />
            <root url="file://$APPLICATION_HOME_DIR$/plugins/python/helpers/typeshed/stdlib/3" type="simple" />
            <root url="file://$APPLICATION_HOME_DIR$/plugins/python/helpers/typeshed/stdlib/2and3" type="simple" />
            <root url="file://$APPLICATION_HOME_DIR$/plugins/python/helpers/typeshed/third_party/3" type="simple" />
            <root url="file://$APPLICATION_HOME_DIR$/plugins/python/helpers/typeshed/third_party/2and3" type="simple" />
          </root>
        </classPath>
        <sourcePath>
          <root type="composite" />
        </sourcePath>
      </roots>
      <additional ASSOCIATED_PROJECT_PATH="D:/share/工程" />
    </jdk>
    <jdk version="2">
      <name value="Remote Python 3.7.7 (paddle)" />
      <type value="Python SDK" />
      <version value="Python 3.7.7" />
      <homePath value="sftp://root@192.168.1.27:22/usr/local/miniconda3/envs/paddle/bin/python3" />
      <roots>
        <classPath>
          <root type="composite">
            <root url="file://$USER_HOME$/AppData/Local/JetBrains/PyCharm2020.2/remote_sources/-1953442739/438127322" type="simple" />
            <root url="file://$USER_HOME$/AppData/Local/JetBrains/PyCharm2020.2/remote_sources/-1953442739/1858110014" type="simple" />
            <root url="file://$USER_HOME$/AppData/Local/JetBrains/PyCharm2020.2/remote_sources/-1154307145/1383020868" type="simple" />
            <root url="file://$USER_HOME$/AppData/Local/JetBrains/PyCharm2020.2/remote_sources/-1154307145/1995697960" type="simple" />
            <root url="file://$USER_HOME$/AppData/Local/JetBrains/PyCharm2020.2/python_stubs/-1154307145" type="simple" />
            <root url="file://$APPLICATION_HOME_DIR$/plugins/python/helpers/python-skeletons" type="simple" />
            <root url="file://$APPLICATION_HOME_DIR$/plugins/python/helpers/typeshed/stdlib/3.7" type="simple" />
            <root url="file://$APPLICATION_HOME_DIR$/plugins/python/helpers/typeshed/stdlib/3" type="simple" />
            <root url="file://$APPLICATION_HOME_DIR$/plugins/python/helpers/typeshed/stdlib/2and3" type="simple" />
            <root url="file://$APPLICATION_HOME_DIR$/plugins/python/helpers/typeshed/third_party/3" type="simple" />
            <root url="file://$APPLICATION_HOME_DIR$/plugins/python/helpers/typeshed/third_party/2and3" type="simple" />
          </root>
        </classPath>
        <sourcePath>
          <root type="composite" />
        </sourcePath>
      </roots>
      <additional INTERPRETER_PATH="/usr/local/miniconda3/envs/paddle/bin/python3" HELPERS_PATH="/root/.pycharm_helpers" INITIALIZED="false" VALID="true" RUN_AS_ROOT_VIA_SUDO="true" SKELETONS_PATH="" VERSION="Python 3.7.7" WEB_SERVER_CONFIG_ID="113b0f66-927d-4ccb-9ed4-7967320bd6cf" WEB_SERVER_CONFIG_NAME="root@192.168.1.27:22" WEB_SERVER_CREDENTIALS_ID="sftp://root@192.168.1.27:22">
        <PathMappingSettings>
          <option name="pathMappings">
            <list>
              <mapping local-root="$USER_HOME$/AppData/Local/JetBrains/PyCharm2020.2/remote_sources/-1953442739/438127322" remote-root="/usr/local/miniconda3/envs/python37/lib/python3.7" />
              <mapping local-root="$USER_HOME$/AppData/Local/JetBrains/PyCharm2020.2/remote_sources/-1953442739/1858110014" remote-root="/usr/local/miniconda3/envs/python37/lib/python3.7/site-packages" />
              <mapping local-root="$USER_HOME$/AppData/Local/JetBrains/PyCharm2020.2/remote_sources/-1154307145/1383020868" remote-root="/usr/local/miniconda3/envs/paddle/lib/python3.7" />
              <mapping local-root="$USER_HOME$/AppData/Local/JetBrains/PyCharm2020.2/remote_sources/-1154307145/1995697960" remote-root="/usr/local/miniconda3/envs/paddle/lib/python3.7/site-packages" />
            </list>
          </option>
        </PathMappingSettings>
      </additional>
    </jdk>
  </component>
</application>