<application>
  <component name="SshConfigs">
    <configs>
      <sshConfig authType="PASSWORD" host="192.168.1.57" id="e87bf746-023c-4f80-a72d-3d4dbc6c21cc" port="22" customName="python_env" nameFormat="CUSTOM" username="root">
        <option name="customName" value="python_env" />
      </sshConfig>
      <sshConfig authType="PASSWORD" host="192.168.1.27" id="942244f6-b2fc-4aff-ab4e-d0c7f949de3b" port="22" nameFormat="DESCRIPTIVE" username="root" />
    </configs>
  </component>
</application>