<application>
  <component name="WebServers">
    <option name="servers">
      <webServer id="10481576-40f4-4b8b-bd0e-5cf8afb34caf" name="python_env">
        <fileTransfer accessType="SFTP" host="192.168.1.57" port="22" sshConfigId="e87bf746-023c-4f80-a72d-3d4dbc6c21cc" sshConfig="python_env" />
      </webServer>
      <webServer id="3f35df7a-ed9d-4683-b955-32ab804c11f7" name="python_env">
        <fileTransfer accessType="SFTP" host="192.168.1.57" port="22" sshConfigId="e87bf746-023c-4f80-a72d-3d4dbc6c21cc" sshConfig="python_env" />
      </webServer>
      <webServer id="6d4abdef-e658-40b3-9b26-bdb098792c5b" name="python_env">
        <fileTransfer accessType="SFTP" host="192.168.1.57" port="22" sshConfigId="e87bf746-023c-4f80-a72d-3d4dbc6c21cc" sshConfig="python_env" />
      </webServer>
      <webServer id="1d17efd4-4789-4bf1-b18d-e6a56d4e28ed" name="python_env">
        <fileTransfer accessType="SFTP" host="192.168.1.57" port="22" sshConfigId="e87bf746-023c-4f80-a72d-3d4dbc6c21cc" sshConfig="python_env" />
      </webServer>
      <webServer id="113b0f66-927d-4ccb-9ed4-7967320bd6cf" name="root@192.168.1.27:22" url="http:///">
        <fileTransfer accessType="SFTP" host="192.168.1.27" port="22" sshConfigId="942244f6-b2fc-4aff-ab4e-d0c7f949de3b" sshConfig="root@192.168.1.27:22 password" />
      </webServer>
    </option>
  </component>
</application>