<application>
  <component name="XDebuggerSettings">
    <data-views />
    <general />
    <debuggers>
      <debugger id="javascript">
        <configuration>
          <custom-object-presentation />
        </configuration>
      </debugger>
      <debugger id="python">
        <configuration>
          <option name="loadValuesAsync" value="false" />
          <option name="simplifiedView" value="false" />
        </configuration>
      </debugger>
    </debuggers>
  </component>
</application>