<application>
  <component name="ProjectJdkTable">
    <jdk version="2">
      <name value="Python 3.8 (base)" />
      <type value="Python SDK" />
      <version value="Python 3.8.3" />
      <homePath value="E:\Program Files (x86)\anaconda3\python.exe" />
      <roots>
        <classPath>
          <root type="composite">
            <root url="file://E:/Program Files (x86)/anaconda3/DLLs" type="simple" />
            <root url="file://E:/Program Files (x86)/anaconda3/Lib" type="simple" />
            <root url="file://E:/Program Files (x86)/anaconda3/Lib/site-packages" type="simple" />
            <root url="file://E:/Program Files (x86)/anaconda3/Lib/site-packages/win32" type="simple" />
            <root url="file://E:/Program Files (x86)/anaconda3/Lib/site-packages/win32/lib" type="simple" />
            <root url="file://E:/Program Files (x86)/anaconda3/Lib/site-packages/pythonwin" type="simple" />
            <root url="file://$USER_HOME$/AppData/Local/JetBrains/PyCharm2020.2/python_stubs/975212250" type="simple" />
            <root url="file://$APPLICATION_HOME_DIR$/plugins/python/helpers/python-skeletons" type="simple" />
            <root url="file://$APPLICATION_HOME_DIR$/plugins/python/helpers/typeshed/stdlib/3.7" type="simple" />
            <root url="file://$APPLICATION_HOME_DIR$/plugins/python/helpers/typeshed/stdlib/3" type="simple" />
            <root url="file://$APPLICATION_HOME_DIR$/plugins/python/helpers/typeshed/stdlib/2and3" type="simple" />
            <root url="file://$APPLICATION_HOME_DIR$/plugins/python/helpers/typeshed/third_party/3" type="simple" />
            <root url="file://$APPLICATION_HOME_DIR$/plugins/python/helpers/typeshed/third_party/2and3" type="simple" />
          </root>
        </classPath>
        <sourcePath>
          <root type="composite" />
        </sourcePath>
      </roots>
      <additional ASSOCIATED_PROJECT_PATH="E:/back/other" />
    </jdk>
    <jdk version="2">
      <name value="Python 3.7 (Python37)" />
      <type value="Python SDK" />
      <version value="Python 3.7.7" />
      <homePath value="E:\Program Files (x86)\anaconda3\envs\Python37\python.exe" />
      <roots>
        <classPath>
          <root type="composite">
            <root url="file://E:/Program Files (x86)/anaconda3/envs/Python37/DLLs" type="simple" />
            <root url="file://E:/Program Files (x86)/anaconda3/envs/Python37/Lib" type="simple" />
            <root url="file://E:/Program Files (x86)/anaconda3/envs/Python37/Lib/site-packages" type="simple" />
            <root url="file://$USER_HOME$/AppData/Local/JetBrains/PyCharm2020.2/python_stubs/1563651072" type="simple" />
            <root url="file://$APPLICATION_HOME_DIR$/plugins/python/helpers/python-skeletons" type="simple" />
            <root url="file://$APPLICATION_HOME_DIR$/plugins/python/helpers/typeshed/stdlib/3.7" type="simple" />
            <root url="file://$APPLICATION_HOME_DIR$/plugins/python/helpers/typeshed/stdlib/3" type="simple" />
            <root url="file://$APPLICATION_HOME_DIR$/plugins/python/helpers/typeshed/stdlib/2and3" type="simple" />
            <root url="file://$APPLICATION_HOME_DIR$/plugins/python/helpers/typeshed/third_party/3" type="simple" />
            <root url="file://$APPLICATION_HOME_DIR$/plugins/python/helpers/typeshed/third_party/2and3" type="simple" />
          </root>
        </classPath>
        <sourcePath>
          <root type="composite" />
        </sourcePath>
      </roots>
      <additional ASSOCIATED_PROJECT_PATH="E:/back/other" />
    </jdk>
  </component>
</application>